<?xml version="1.0" encoding="UTF-8" ?>
<!DOCTYPE mapper
 PUBLIC "-//mybatis.org//DTD Mapper 3.0//EN"
  "http://mybatis.org/dtd/mybatis-3-mapper.dtd">

<mapper
	namespace="com.example.demo.repository.BookmarkRepository">



	<!-->인설트</! -->
	<insert id="saveLike">
		INSERT INTO `like`
		SET
		regDate = NOW(),
		usrId =
		#{usrId},
		articleId = #{articleId};
	</insert>


	<!-->삭제</! -->
	<delete id="delLike">
		DELETE FROM `like`
		WHERE usrId = #{usrId}
		AND
		articleId
		= #{articleId};
	</delete>

	<!-->===============select</! -->

	<!-->id 기준으로 한줄가져오기</! -->
	<select id="likeRow">
		SELECT COUNT(*)
		FROM `like`
		WHERE
		usrId =
		#{usrId}
		AND
		articleId = #{articleId};
	</select>


	<!-->유저아이디를 기준으로 여려줄 가져오기</! -->
	<select id="likeByUsrid"
		resultType="com.example.demo.vo.Article">
		SELECT A.*
		FROM `like` L
		INNER JOIN article A
		ON L.articleId =
		A.id
		WHERE
		L.usrId = #{usrId};
	</select>

	<!-->유저id 기준, 글에 좋아요를 했는지 한줄가져오기</! -->
	<select id="isBookmarked">
		SELECT COUNT(*)
		FROM `like` L
		INNER JOIN `user` U
		ON
		L.usrId =
		U.id
		WHERE
		L.articleId = #{articleId}
		AND
		U.id = #{usrId};
	</select>

	<!-->유저id 기준, 글에 좋아요를 했는지 한줄가져오기</! -->
	<select id="isBookmarkedbyId"
		resultType="com.example.demo.vo.Article">
		SELECT A.id
		FROM `like` L
		INNER JOIN article A
		ON L.articleId
		=
		A.id
		WHERE
		L.usrId = #{usrId};
	</select>

</mapper>