<?xml version="1.0" encoding="UTF-8" ?>
<!DOCTYPE mapper
 PUBLIC "-//mybatis.org//DTD Mapper 3.0//EN"
  "http://mybatis.org/dtd/mybatis-3-mapper.dtd">

<mapper namespace="com.example.demo.repository.MemberRepository">
	<!-->아이디로 전체 행 가져오기</! -->
	<select id="memberById" resultType="com.example.demo.vo.Member">
		SELECT *
		FROM `user`
		WHERE
		loginId = #{loginId}
	</select>


	<!-->고유번호(id)로 전체 행 가져오기</! -->
	<select id="memberByIntId"
		resultType="com.example.demo.vo.Member">
		SELECT *
		FROM `user`
		WHERE
		id = #{loginId}
	</select>


	<select id="printBookmark">
		SELECT A.*
		FROM article A
		LEFT JOIN `like` L
		ON A.id = L.articleId
		WHERE
		L.usrId = ${memberId}
		<if test="searchKeyword != ''">
			<choose>
				<when test="searchKeywordTypeCode == 'title'">
					AND A.title LIKE CONCAT('%', #{searchKeyword}, '%')
				</when>
				<when test="searchKeywordTypeCode == 'body'">
					AND A.`body` LIKE CONCAT('%', #{searchKeyword}, '%')
				</when>
				<otherwise>
					AND A.title LIKE CONCAT('%', #{searchKeyword}, '%')
					OR
					A.`body` LIKE CONCAT('%', #{searchKeyword}, '%')
				</otherwise>
			</choose>
		</if>
	</select>


	<!-->인설트</! -->
	<insert id="memberJoin" parameterType="map">
		INSERT INTO `user`
		SET
		regDate = NOW(),
		updateDate =
		NOW(),
		loginId = #{loginId},
		loginPw =
		#{loginPw},
		`name` = #{name},
		nickname = #{nickname},
		cellphoneNum =
		#{cellphoneNum},
		email =
		#{email};
	</insert>



</mapper>